,title,author,advisor,summary,keywords
0,"El título del documento es ""¿Juntos o separados hacia el desarrollo? Gobierno abierto y la construcción de capacidad estatal en los gobiernos locales del Perú, 2011-2014"".",El autor del documento es Diego Alonso Aguilar Lluncor.,El asesor del documento es Aurea Ysabel Murga Pinillos.,"El documento es una investigación que trata sobre la capacidad estatal y el gobierno abierto en el contexto de la descentralización y los gobiernos locales en Perú. Se enfoca en cómo las municipalidades vecinas afectan el nivel de capacidad estatal y desarrollo de una municipalidad en particular, y cómo esto puede generar externalidades positivas o negativas. La investigación propone un modelo que considera estos factores, así como indicadores de gobierno abierto para evaluar la relación entre el gobierno local y los ciudadanos. 

El documento también discute la importancia de la construcción de una visión compartida a largo y corto plazo, el uso de tecnología de la información y comunicación, un presupuesto con enfoque a resultados, la simplificación administrativa y costeo, el gobierno electrónico municipal, los derechos y desarrollo humano, y la formulación y ejecución de proyectos. 

En resumen, la investigación busca entender cómo la capacidad estatal y el gobierno abierto pueden impactar el desarrollo a nivel local y cómo se pueden utilizar herramientas y prácticas específicas para mejorar la calidad de vida de los ciudadanos.",No hay suficiente información en el documento para determinar las cinco palabras clave.
0,"El título del documento es ""Choques fiscales anticipados y no anticipados en el Perú"". Es una Tesis presentada por José Alberto Aguilar Muñiz para obtener el título profesional de Licenciado en Economía en la Pontificia Universidad Católica del Perú.","El autor de la tesis ""Choques fiscales anticipados y no anticipados en el Perú"" presentada en la Pontificia Universidad Católica del Perú para obtener el título de Licenciado en Economía es José Alberto Aguilar Muñiz.","El asesor de la tesis ""Choques fiscales anticipados y no anticipados en el Perú"" presentada por José Alberto Aguilar Muñiz en la Pontificia Universidad Católica del Perú es Erick Wilfredo Lahura Serrano, según se indica en el documento.","El documento ""Choques fiscales anticipados y no anticipados en el Perú"" es una tesis presentada por José Alberto Aguilar Muñiz en la Pontificia Universidad Católica del Perú para obtener el título profesional de Licenciado en Economía. El objetivo de la tesis es analizar el impacto del gasto público en la economía, tomando en cuenta que los cambios en el gasto público pueden ser anticipados por los agentes económicos. La tesis propone un esquema de identificación que consiste en la incorporación de una variable que capture la previsibilidad del gasto público en un modelo VAR estándar. Para ello, se utilizan las proyecciones del gasto público publicadas en los Reportes de Inflación del Banco Central de Reserva del Perú a partir del 2002. El análisis empírico se basa en la estimación de dos modelos de vectores autorregresivos (VAR): el primero incorpora el efecto de choques anticipados (medido por las proyecciones del gasto público) sobre el producto y el consumo privado. La tesis contribuye a la investigación en temas fiscales introduciendo una metodología novedosa para el caso peruano. El documento incluye una revisión de literatura, hechos estilizados, metodología y resultados.","Las cinco palabras clave del documento son: Choques fiscales, anticipados, no anticipados, Perú, economía."
0,"El título del documento es ""La Política Tributaria en el Perú de 1930 a 1948. De los impuestos indirectos a los impuestos directos"".",El autor del documento es Ali Milagros Díaz Gálvez.,No se menciona ningún asesor en el documento.,"El documento analiza la política tributaria en el Perú de 1930 a 1948, y se enfoca en la transición de impuestos indirectos a impuestos directos. Se explica que el gobierno necesitaba mayores ingresos debido a la falta de financiamiento externo y escasos bienes patrimoniales. Por lo tanto, siguieron las recomendaciones de la misión Kemmerer sobre la política tributaria, lo que llevó a un aumento en la recaudación de impuestos directos. La Segunda Guerra Mundial hizo que fuera más difícil obtener préstamos externos, lo que aumentó la presión tributaria directa. El estudio concluye que hay una necesidad de un análisis más profundo de la implementación de las medidas impositivas.","Algunas palabras clave del documento son: Política Tributaria, Perú, 1930-1948, impuestos indirectos, impuestos directos, Licenciada en Economía, Ali Milagros Díaz Gálvez, presupuestos, ingresos tributarios."
0,"El título del documento es ""Emp. Leo Informal y Mercados Laborales Multisegmentados en el Perú"".","El autor del documento ""Emp. Leo Informal y Mercados Laborales Multisegmentados en el Perú"" es Alfredo Manuel Alvarado Enciso.",El asesor del documento es Cecilia Garavito Masalías.,"El documento analiza la naturaleza del empleo informal en Perú y sus determinantes en un mercado laboral con múltiples segmentos. A pesar del crecimiento económico y la reducción de la pobreza, la informalidad laboral persiste en Perú, donde tres de cada cuatro trabajadores son informales. El estudio examina la probabilidad de contratación formal e informal involuntaria y los efectos del capital humano, sexo, carga familiar y tenencia de seguro sobre la elección del empleo informal. Se discuten las implicaciones sociales y económicas de la informalidad en el contexto peruano, así como las falencias asociadas a la incorrecta especiación de la función de comportamiento en los estudios previos sobre los mercados laborales segmentados. En general, el documento proporciona una perspectiva detallada y crítica sobre la naturaleza y determinantes del empleo informal en Perú, lo que puede ser útil para la formulación de políticas laborales que aborden el problema de la informalidad en el país.","Las 5 palabras clave del documento ""Emp. Leo Informal y Mercados Laborales Multisegmentados en el Perú"" son: informalidad, mercados laborales, segmentación, empleo y Perú."
0,"El título del documento es ""Los determinantes del déficit fiscal. Perú: 1995 - 2018"".","El autor del documento ""Los determinantes del déficit fiscal. Perú: 1995 - 2018"" es Yuliño Clever Anastacio Clemente.",El asesor del documento es Waldo Epifanio Mendoza Bellido.,"El documento ""Los determinantes del déficit fiscal. Perú: 1995-2018"" analiza los factores externos y domésticos que han influenciado el déficit fiscal de Perú, expresado como un porcentaje del PIB, durante el período comprendido entre el primer trimestre de 1995 y el cuarto trimestre de 2018. El autor utiliza una metodología basada en funciones impulso-respuesta y descomposición histórica del déficit fiscal peruano. El documento presenta una revisión de la literatura teórica y empírica sobre los determinantes del déficit fiscal y establece un marco analítico e hipótesis para el estudio. Se presentan los principales hechos estilizados sobre la relación entre el déficit fiscal y sus principales determinantes. El documento concluye que la posición fiscal sólida de Perú se refleja en una deuda pública baja y un déficit fiscal moderado, menor al 3,4% del PIB en promedio. Además, se identifican los factores que han contribuido a la reducción del déficit fiscal en Perú, como el aumento de los ingresos fiscales y la disminución del gasto público. El documento es útil para los economistas y los responsables de la política fiscal que quieren entender los factores que influyen en el déficit fiscal y cómo se pueden implementar políticas para reducirlo.","Las 5 palabras clave del documento son: 
1. Deficit fiscal
2. Perú
3. Determinantes
4. Economía
5. Finanzas públicas"
